{
  "device": "cpu",
  "warmup": 3,
  "runs": 10,
  "clip_length": 64,
  "results": [
    {
      "name": "YOLOv8m",
      "mean_ms": 369.06260710002243,
      "std_ms": 24.688233079709722,
      "p95_ms": 415.14890280009234,
      "fps": 2.709567376271697
    },
    {
      "name": "ViT-B/16 (frozen)",
      "mean_ms": 297.12937100011914,
      "std_ms": 25.5822083882461,
      "p95_ms": 324.3231385006311,
      "fps": 3.3655373638562276
    },
    {
      "name": "BiLSTM T=64",
      "mean_ms": 0.14714016875103653,
      "std_ms": 0.015110599452356824,
      "p95_ms": 0.1660378531298079,
      "fps": 6796.240676412542
    }
  ],
  "parameters": {
    "total": 89922538,
    "trainable": 3354882,
    "detection": 86567656,
    "prediction": 3354882
  }
}